barcode,cluster,true_cell_type
CELL_00000,0,CD4_T_cell
CELL_00001,0,CD4_T_cell
CELL_00002,0,CD4_T_cell
CELL_00003,0,CD4_T_cell
CELL_00004,0,CD4_T_cell
CELL_00005,0,CD4_T_cell
CELL_00006,0,CD4_T_cell
CELL_00007,0,CD4_T_cell
CELL_00008,0,CD4_T_cell
CELL_00009,0,CD4_T_cell
CELL_00010,0,CD4_T_cell
CELL_00011,0,CD4_T_cell
CELL_00012,0,CD4_T_cell
CELL_00013,0,CD4_T_cell
CELL_00014,0,CD4_T_cell
CELL_00015,0,CD4_T_cell
CELL_00016,0,CD4_T_cell
CELL_00017,0,CD4_T_cell
CELL_00018,0,CD4_T_cell
CELL_00019,0,CD4_T_cell
CELL_00020,0,CD4_T_cell
CELL_00021,0,CD4_T_cell
CELL_00022,0,CD4_T_cell
CELL_00023,0,CD4_T_cell
CELL_00024,0,CD4_T_cell
CELL_00025,0,CD4_T_cell
CELL_00026,0,CD4_T_cell
CELL_00027,0,CD4_T_cell
CELL_00028,0,CD4_T_cell
CELL_00029,0,CD4_T_cell
CELL_00030,0,CD4_T_cell
CELL_00031,0,CD4_T_cell
CELL_00032,0,CD4_T_cell
CELL_00033,0,CD4_T_cell
CELL_00034,0,CD4_T_cell
CELL_00035,0,CD4_T_cell
CELL_00036,0,CD4_T_cell
CELL_00037,0,CD4_T_cell
CELL_00038,0,CD4_T_cell
CELL_00039,0,CD4_T_cell
CELL_00040,0,CD4_T_cell
CELL_00041,0,CD4_T_cell
CELL_00042,0,CD4_T_cell
CELL_00043,0,CD4_T_cell
CELL_00044,0,CD4_T_cell
CELL_00045,0,CD4_T_cell
CELL_00046,0,CD4_T_cell
CELL_00047,0,CD4_T_cell
CELL_00048,0,CD4_T_cell
CELL_00049,0,CD4_T_cell
CELL_00050,0,CD4_T_cell
CELL_00051,0,CD4_T_cell
CELL_00052,0,CD4_T_cell
CELL_00053,0,CD4_T_cell
CELL_00054,0,CD4_T_cell
CELL_00055,0,CD4_T_cell
CELL_00056,0,CD4_T_cell
CELL_00057,0,CD4_T_cell
CELL_00058,0,CD4_T_cell
CELL_00059,0,CD4_T_cell
CELL_00060,0,CD4_T_cell
CELL_00061,0,CD4_T_cell
CELL_00062,0,CD4_T_cell
CELL_00063,0,CD4_T_cell
CELL_00064,0,CD4_T_cell
CELL_00065,0,CD4_T_cell
CELL_00066,0,CD4_T_cell
CELL_00067,0,CD4_T_cell
CELL_00068,0,CD4_T_cell
CELL_00069,0,CD4_T_cell
CELL_00070,0,CD4_T_cell
CELL_00071,0,CD4_T_cell
CELL_00072,0,CD4_T_cell
CELL_00073,0,CD4_T_cell
CELL_00074,0,CD4_T_cell
CELL_00075,0,CD4_T_cell
CELL_00076,0,CD4_T_cell
CELL_00077,0,CD4_T_cell
CELL_00078,0,CD4_T_cell
CELL_00079,0,CD4_T_cell
CELL_00080,0,CD4_T_cell
CELL_00081,0,CD4_T_cell
CELL_00082,0,CD4_T_cell
CELL_00083,0,CD4_T_cell
CELL_00084,0,CD4_T_cell
CELL_00085,0,CD4_T_cell
CELL_00086,0,CD4_T_cell
CELL_00087,0,CD4_T_cell
CELL_00088,0,CD4_T_cell
CELL_00089,0,CD4_T_cell
CELL_00090,0,CD4_T_cell
CELL_00091,0,CD4_T_cell
CELL_00092,0,CD4_T_cell
CELL_00093,0,CD4_T_cell
CELL_00094,0,CD4_T_cell
CELL_00095,0,CD4_T_cell
CELL_00096,0,CD4_T_cell
CELL_00097,0,CD4_T_cell
CELL_00098,0,CD4_T_cell
CELL_00099,0,CD4_T_cell
CELL_00100,0,CD4_T_cell
CELL_00101,0,CD4_T_cell
CELL_00102,0,CD4_T_cell
CELL_00103,0,CD4_T_cell
CELL_00104,0,CD4_T_cell
CELL_00105,0,CD4_T_cell
CELL_00106,0,CD4_T_cell
CELL_00107,0,CD4_T_cell
CELL_00108,0,CD4_T_cell
CELL_00109,0,CD4_T_cell
CELL_00110,0,CD4_T_cell
CELL_00111,0,CD4_T_cell
CELL_00112,0,CD4_T_cell
CELL_00113,0,CD4_T_cell
CELL_00114,0,CD4_T_cell
CELL_00115,0,CD4_T_cell
CELL_00116,0,CD4_T_cell
CELL_00117,0,CD4_T_cell
CELL_00118,0,CD4_T_cell
CELL_00119,0,CD4_T_cell
CELL_00120,0,CD4_T_cell
CELL_00121,0,CD4_T_cell
CELL_00122,0,CD4_T_cell
CELL_00123,0,CD4_T_cell
CELL_00124,0,CD4_T_cell
CELL_00125,0,CD4_T_cell
CELL_00126,0,CD4_T_cell
CELL_00127,0,CD4_T_cell
CELL_00128,0,CD4_T_cell
CELL_00129,0,CD4_T_cell
CELL_00130,0,CD4_T_cell
CELL_00131,0,CD4_T_cell
CELL_00132,0,CD4_T_cell
CELL_00133,0,CD4_T_cell
CELL_00134,0,CD4_T_cell
CELL_00135,0,CD4_T_cell
CELL_00136,0,CD4_T_cell
CELL_00137,0,CD4_T_cell
CELL_00138,0,CD4_T_cell
CELL_00139,0,CD4_T_cell
CELL_00140,0,CD4_T_cell
CELL_00141,0,CD4_T_cell
CELL_00142,0,CD4_T_cell
CELL_00143,0,CD4_T_cell
CELL_00144,0,CD4_T_cell
CELL_00145,0,CD4_T_cell
CELL_00146,0,CD4_T_cell
CELL_00147,0,CD4_T_cell
CELL_00148,0,CD4_T_cell
CELL_00149,0,CD4_T_cell
CELL_00150,0,CD4_T_cell
CELL_00151,0,CD4_T_cell
CELL_00152,0,CD4_T_cell
CELL_00153,0,CD4_T_cell
CELL_00154,0,CD4_T_cell
CELL_00155,0,CD4_T_cell
CELL_00156,0,CD4_T_cell
CELL_00157,0,CD4_T_cell
CELL_00158,0,CD4_T_cell
CELL_00159,0,CD4_T_cell
CELL_00160,0,CD4_T_cell
CELL_00161,0,CD4_T_cell
CELL_00162,0,CD4_T_cell
CELL_00163,0,CD4_T_cell
CELL_00164,0,CD4_T_cell
CELL_00165,0,CD4_T_cell
CELL_00166,0,CD4_T_cell
CELL_00167,0,CD4_T_cell
CELL_00168,0,CD4_T_cell
CELL_00169,0,CD4_T_cell
CELL_00170,0,CD4_T_cell
CELL_00171,0,CD4_T_cell
CELL_00172,0,CD4_T_cell
CELL_00173,0,CD4_T_cell
CELL_00174,0,CD4_T_cell
CELL_00175,0,CD4_T_cell
CELL_00176,0,CD4_T_cell
CELL_00177,0,CD4_T_cell
CELL_00178,0,CD4_T_cell
CELL_00179,0,CD4_T_cell
CELL_00180,0,CD4_T_cell
CELL_00181,0,CD4_T_cell
CELL_00182,0,CD4_T_cell
CELL_00183,0,CD4_T_cell
CELL_00184,0,CD4_T_cell
CELL_00185,0,CD4_T_cell
CELL_00186,0,CD4_T_cell
CELL_00187,0,CD4_T_cell
CELL_00188,0,CD4_T_cell
CELL_00189,0,CD4_T_cell
CELL_00190,0,CD4_T_cell
CELL_00191,0,CD4_T_cell
CELL_00192,0,CD4_T_cell
CELL_00193,0,CD4_T_cell
CELL_00194,0,CD4_T_cell
CELL_00195,0,CD4_T_cell
CELL_00196,0,CD4_T_cell
CELL_00197,0,CD4_T_cell
CELL_00198,0,CD4_T_cell
CELL_00199,0,CD4_T_cell
CELL_00200,0,CD4_T_cell
CELL_00201,0,CD4_T_cell
CELL_00202,0,CD4_T_cell
CELL_00203,0,CD4_T_cell
CELL_00204,0,CD4_T_cell
CELL_00205,0,CD4_T_cell
CELL_00206,0,CD4_T_cell
CELL_00207,0,CD4_T_cell
CELL_00208,0,CD4_T_cell
CELL_00209,0,CD4_T_cell
CELL_00210,0,CD4_T_cell
CELL_00211,0,CD4_T_cell
CELL_00212,0,CD4_T_cell
CELL_00213,0,CD4_T_cell
CELL_00214,0,CD4_T_cell
CELL_00215,0,CD4_T_cell
CELL_00216,0,CD4_T_cell
CELL_00217,0,CD4_T_cell
CELL_00218,0,CD4_T_cell
CELL_00219,0,CD4_T_cell
CELL_00220,0,CD4_T_cell
CELL_00221,0,CD4_T_cell
CELL_00222,0,CD4_T_cell
CELL_00223,0,CD4_T_cell
CELL_00224,0,CD4_T_cell
CELL_00225,0,CD4_T_cell
CELL_00226,0,CD4_T_cell
CELL_00227,0,CD4_T_cell
CELL_00228,0,CD4_T_cell
CELL_00229,0,CD4_T_cell
CELL_00230,0,CD4_T_cell
CELL_00231,0,CD4_T_cell
CELL_00232,0,CD4_T_cell
CELL_00233,0,CD4_T_cell
CELL_00234,0,CD4_T_cell
CELL_00235,0,CD4_T_cell
CELL_00236,0,CD4_T_cell
CELL_00237,0,CD4_T_cell
CELL_00238,0,CD4_T_cell
CELL_00239,0,CD4_T_cell
CELL_00240,0,CD4_T_cell
CELL_00241,0,CD4_T_cell
CELL_00242,0,CD4_T_cell
CELL_00243,0,CD4_T_cell
CELL_00244,0,CD4_T_cell
CELL_00245,0,CD4_T_cell
CELL_00246,0,CD4_T_cell
CELL_00247,0,CD4_T_cell
CELL_00248,0,CD4_T_cell
CELL_00249,0,CD4_T_cell
CELL_00250,0,CD4_T_cell
CELL_00251,0,CD4_T_cell
CELL_00252,0,CD4_T_cell
CELL_00253,0,CD4_T_cell
CELL_00254,0,CD4_T_cell
CELL_00255,0,CD4_T_cell
CELL_00256,0,CD4_T_cell
CELL_00257,0,CD4_T_cell
CELL_00258,0,CD4_T_cell
CELL_00259,0,CD4_T_cell
CELL_00260,0,CD4_T_cell
CELL_00261,0,CD4_T_cell
CELL_00262,0,CD4_T_cell
CELL_00263,0,CD4_T_cell
CELL_00264,0,CD4_T_cell
CELL_00265,0,CD4_T_cell
CELL_00266,0,CD4_T_cell
CELL_00267,0,CD4_T_cell
CELL_00268,0,CD4_T_cell
CELL_00269,0,CD4_T_cell
CELL_00270,0,CD4_T_cell
CELL_00271,0,CD4_T_cell
CELL_00272,0,CD4_T_cell
CELL_00273,0,CD4_T_cell
CELL_00274,0,CD4_T_cell
CELL_00275,0,CD4_T_cell
CELL_00276,0,CD4_T_cell
CELL_00277,0,CD4_T_cell
CELL_00278,0,CD4_T_cell
CELL_00279,0,CD4_T_cell
CELL_00280,0,CD4_T_cell
CELL_00281,0,CD4_T_cell
CELL_00282,0,CD4_T_cell
CELL_00283,0,CD4_T_cell
CELL_00284,0,CD4_T_cell
CELL_00285,0,CD4_T_cell
CELL_00286,0,CD4_T_cell
CELL_00287,0,CD4_T_cell
CELL_00288,0,CD4_T_cell
CELL_00289,0,CD4_T_cell
CELL_00290,0,CD4_T_cell
CELL_00291,0,CD4_T_cell
CELL_00292,0,CD4_T_cell
CELL_00293,0,CD4_T_cell
CELL_00294,0,CD4_T_cell
CELL_00295,0,CD4_T_cell
CELL_00296,0,CD4_T_cell
CELL_00297,0,CD4_T_cell
CELL_00298,0,CD4_T_cell
CELL_00299,0,CD4_T_cell
CELL_00300,0,CD4_T_cell
CELL_00301,0,CD4_T_cell
CELL_00302,0,CD4_T_cell
CELL_00303,0,CD4_T_cell
CELL_00304,0,CD4_T_cell
CELL_00305,0,CD4_T_cell
CELL_00306,0,CD4_T_cell
CELL_00307,0,CD4_T_cell
CELL_00308,0,CD4_T_cell
CELL_00309,0,CD4_T_cell
CELL_00310,0,CD4_T_cell
CELL_00311,0,CD4_T_cell
CELL_00312,0,CD4_T_cell
CELL_00313,0,CD4_T_cell
CELL_00314,0,CD4_T_cell
CELL_00315,0,CD4_T_cell
CELL_00316,0,CD4_T_cell
CELL_00317,0,CD4_T_cell
CELL_00318,0,CD4_T_cell
CELL_00319,0,CD4_T_cell
CELL_00320,0,CD4_T_cell
CELL_00321,0,CD4_T_cell
CELL_00322,0,CD4_T_cell
CELL_00323,0,CD4_T_cell
CELL_00324,0,CD4_T_cell
CELL_00325,0,CD4_T_cell
CELL_00326,0,CD4_T_cell
CELL_00327,0,CD4_T_cell
CELL_00328,0,CD4_T_cell
CELL_00329,0,CD4_T_cell
CELL_00330,0,CD4_T_cell
CELL_00331,0,CD4_T_cell
CELL_00332,0,CD4_T_cell
CELL_00333,0,CD4_T_cell
CELL_00334,0,CD4_T_cell
CELL_00335,0,CD4_T_cell
CELL_00336,0,CD4_T_cell
CELL_00337,0,CD4_T_cell
CELL_00338,0,CD4_T_cell
CELL_00339,0,CD4_T_cell
CELL_00340,0,CD4_T_cell
CELL_00341,0,CD4_T_cell
CELL_00342,0,CD4_T_cell
CELL_00343,0,CD4_T_cell
CELL_00344,0,CD4_T_cell
CELL_00345,0,CD4_T_cell
CELL_00346,0,CD4_T_cell
CELL_00347,0,CD4_T_cell
CELL_00348,0,CD4_T_cell
CELL_00349,0,CD4_T_cell
CELL_00350,2,CD8_T_cell
CELL_00351,2,CD8_T_cell
CELL_00352,2,CD8_T_cell
CELL_00353,2,CD8_T_cell
CELL_00354,2,CD8_T_cell
CELL_00355,2,CD8_T_cell
CELL_00356,2,CD8_T_cell
CELL_00357,2,CD8_T_cell
CELL_00358,2,CD8_T_cell
CELL_00359,2,CD8_T_cell
CELL_00360,2,CD8_T_cell
CELL_00361,2,CD8_T_cell
CELL_00362,2,CD8_T_cell
CELL_00363,2,CD8_T_cell
CELL_00364,2,CD8_T_cell
CELL_00365,2,CD8_T_cell
CELL_00366,2,CD8_T_cell
CELL_00367,2,CD8_T_cell
CELL_00368,2,CD8_T_cell
CELL_00369,2,CD8_T_cell
CELL_00370,2,CD8_T_cell
CELL_00371,2,CD8_T_cell
CELL_00372,2,CD8_T_cell
CELL_00373,2,CD8_T_cell
CELL_00374,2,CD8_T_cell
CELL_00375,2,CD8_T_cell
CELL_00376,2,CD8_T_cell
CELL_00377,2,CD8_T_cell
CELL_00378,2,CD8_T_cell
CELL_00379,2,CD8_T_cell
CELL_00380,2,CD8_T_cell
CELL_00381,2,CD8_T_cell
CELL_00382,2,CD8_T_cell
CELL_00383,2,CD8_T_cell
CELL_00384,2,CD8_T_cell
CELL_00385,2,CD8_T_cell
CELL_00386,2,CD8_T_cell
CELL_00387,2,CD8_T_cell
CELL_00388,2,CD8_T_cell
CELL_00389,2,CD8_T_cell
CELL_00390,2,CD8_T_cell
CELL_00391,2,CD8_T_cell
CELL_00392,2,CD8_T_cell
CELL_00393,2,CD8_T_cell
CELL_00394,2,CD8_T_cell
CELL_00395,2,CD8_T_cell
CELL_00396,2,CD8_T_cell
CELL_00397,2,CD8_T_cell
CELL_00398,2,CD8_T_cell
CELL_00399,2,CD8_T_cell
CELL_00400,2,CD8_T_cell
CELL_00401,2,CD8_T_cell
CELL_00402,2,CD8_T_cell
CELL_00403,2,CD8_T_cell
CELL_00404,2,CD8_T_cell
CELL_00405,2,CD8_T_cell
CELL_00406,2,CD8_T_cell
CELL_00407,2,CD8_T_cell
CELL_00408,2,CD8_T_cell
CELL_00409,2,CD8_T_cell
CELL_00410,2,CD8_T_cell
CELL_00411,2,CD8_T_cell
CELL_00412,2,CD8_T_cell
CELL_00413,2,CD8_T_cell
CELL_00414,2,CD8_T_cell
CELL_00415,2,CD8_T_cell
CELL_00416,2,CD8_T_cell
CELL_00417,2,CD8_T_cell
CELL_00418,2,CD8_T_cell
CELL_00419,2,CD8_T_cell
CELL_00420,2,CD8_T_cell
CELL_00421,2,CD8_T_cell
CELL_00422,2,CD8_T_cell
CELL_00423,2,CD8_T_cell
CELL_00424,2,CD8_T_cell
CELL_00425,2,CD8_T_cell
CELL_00426,2,CD8_T_cell
CELL_00427,2,CD8_T_cell
CELL_00428,2,CD8_T_cell
CELL_00429,2,CD8_T_cell
CELL_00430,2,CD8_T_cell
CELL_00431,2,CD8_T_cell
CELL_00432,2,CD8_T_cell
CELL_00433,2,CD8_T_cell
CELL_00434,2,CD8_T_cell
CELL_00435,2,CD8_T_cell
CELL_00436,2,CD8_T_cell
CELL_00437,2,CD8_T_cell
CELL_00438,2,CD8_T_cell
CELL_00439,2,CD8_T_cell
CELL_00440,2,CD8_T_cell
CELL_00441,2,CD8_T_cell
CELL_00442,2,CD8_T_cell
CELL_00443,2,CD8_T_cell
CELL_00444,2,CD8_T_cell
CELL_00445,2,CD8_T_cell
CELL_00446,2,CD8_T_cell
CELL_00447,2,CD8_T_cell
CELL_00448,2,CD8_T_cell
CELL_00449,2,CD8_T_cell
CELL_00450,2,CD8_T_cell
CELL_00451,2,CD8_T_cell
CELL_00452,2,CD8_T_cell
CELL_00453,2,CD8_T_cell
CELL_00454,2,CD8_T_cell
CELL_00455,2,CD8_T_cell
CELL_00456,2,CD8_T_cell
CELL_00457,2,CD8_T_cell
CELL_00458,2,CD8_T_cell
CELL_00459,2,CD8_T_cell
CELL_00460,2,CD8_T_cell
CELL_00461,2,CD8_T_cell
CELL_00462,2,CD8_T_cell
CELL_00463,2,CD8_T_cell
CELL_00464,2,CD8_T_cell
CELL_00465,2,CD8_T_cell
CELL_00466,2,CD8_T_cell
CELL_00467,2,CD8_T_cell
CELL_00468,2,CD8_T_cell
CELL_00469,2,CD8_T_cell
CELL_00470,2,CD8_T_cell
CELL_00471,2,CD8_T_cell
CELL_00472,2,CD8_T_cell
CELL_00473,2,CD8_T_cell
CELL_00474,2,CD8_T_cell
CELL_00475,2,CD8_T_cell
CELL_00476,2,CD8_T_cell
CELL_00477,2,CD8_T_cell
CELL_00478,2,CD8_T_cell
CELL_00479,2,CD8_T_cell
CELL_00480,2,CD8_T_cell
CELL_00481,2,CD8_T_cell
CELL_00482,2,CD8_T_cell
CELL_00483,2,CD8_T_cell
CELL_00484,2,CD8_T_cell
CELL_00485,2,CD8_T_cell
CELL_00486,2,CD8_T_cell
CELL_00487,2,CD8_T_cell
CELL_00488,2,CD8_T_cell
CELL_00489,2,CD8_T_cell
CELL_00490,2,CD8_T_cell
CELL_00491,2,CD8_T_cell
CELL_00492,2,CD8_T_cell
CELL_00493,2,CD8_T_cell
CELL_00494,2,CD8_T_cell
CELL_00495,2,CD8_T_cell
CELL_00496,2,CD8_T_cell
CELL_00497,2,CD8_T_cell
CELL_00498,2,CD8_T_cell
CELL_00499,2,CD8_T_cell
CELL_00500,2,CD8_T_cell
CELL_00501,2,CD8_T_cell
CELL_00502,2,CD8_T_cell
CELL_00503,2,CD8_T_cell
CELL_00504,2,CD8_T_cell
CELL_00505,2,CD8_T_cell
CELL_00506,2,CD8_T_cell
CELL_00507,2,CD8_T_cell
CELL_00508,2,CD8_T_cell
CELL_00509,2,CD8_T_cell
CELL_00510,2,CD8_T_cell
CELL_00511,2,CD8_T_cell
CELL_00512,2,CD8_T_cell
CELL_00513,2,CD8_T_cell
CELL_00514,2,CD8_T_cell
CELL_00515,2,CD8_T_cell
CELL_00516,2,CD8_T_cell
CELL_00517,2,CD8_T_cell
CELL_00518,2,CD8_T_cell
CELL_00519,2,CD8_T_cell
CELL_00520,2,CD8_T_cell
CELL_00521,2,CD8_T_cell
CELL_00522,2,CD8_T_cell
CELL_00523,2,CD8_T_cell
CELL_00524,2,CD8_T_cell
CELL_00525,2,CD8_T_cell
CELL_00526,2,CD8_T_cell
CELL_00527,2,CD8_T_cell
CELL_00528,2,CD8_T_cell
CELL_00529,2,CD8_T_cell
CELL_00530,2,CD8_T_cell
CELL_00531,2,CD8_T_cell
CELL_00532,2,CD8_T_cell
CELL_00533,2,CD8_T_cell
CELL_00534,2,CD8_T_cell
CELL_00535,2,CD8_T_cell
CELL_00536,2,CD8_T_cell
CELL_00537,2,CD8_T_cell
CELL_00538,2,CD8_T_cell
CELL_00539,2,CD8_T_cell
CELL_00540,2,CD8_T_cell
CELL_00541,2,CD8_T_cell
CELL_00542,2,CD8_T_cell
CELL_00543,2,CD8_T_cell
CELL_00544,2,CD8_T_cell
CELL_00545,2,CD8_T_cell
CELL_00546,2,CD8_T_cell
CELL_00547,2,CD8_T_cell
CELL_00548,2,CD8_T_cell
CELL_00549,2,CD8_T_cell
CELL_00550,2,CD8_T_cell
CELL_00551,2,CD8_T_cell
CELL_00552,2,CD8_T_cell
CELL_00553,2,CD8_T_cell
CELL_00554,2,CD8_T_cell
CELL_00555,2,CD8_T_cell
CELL_00556,2,CD8_T_cell
CELL_00557,2,CD8_T_cell
CELL_00558,2,CD8_T_cell
CELL_00559,2,CD8_T_cell
CELL_00560,2,CD8_T_cell
CELL_00561,2,CD8_T_cell
CELL_00562,2,CD8_T_cell
CELL_00563,2,CD8_T_cell
CELL_00564,2,CD8_T_cell
CELL_00565,2,CD8_T_cell
CELL_00566,2,CD8_T_cell
CELL_00567,2,CD8_T_cell
CELL_00568,2,CD8_T_cell
CELL_00569,2,CD8_T_cell
CELL_00570,2,CD8_T_cell
CELL_00571,2,CD8_T_cell
CELL_00572,2,CD8_T_cell
CELL_00573,2,CD8_T_cell
CELL_00574,2,CD8_T_cell
CELL_00575,2,CD8_T_cell
CELL_00576,2,CD8_T_cell
CELL_00577,2,CD8_T_cell
CELL_00578,2,CD8_T_cell
CELL_00579,2,CD8_T_cell
CELL_00580,2,CD8_T_cell
CELL_00581,2,CD8_T_cell
CELL_00582,2,CD8_T_cell
CELL_00583,2,CD8_T_cell
CELL_00584,2,CD8_T_cell
CELL_00585,2,CD8_T_cell
CELL_00586,2,CD8_T_cell
CELL_00587,2,CD8_T_cell
CELL_00588,2,CD8_T_cell
CELL_00589,2,CD8_T_cell
CELL_00590,2,CD8_T_cell
CELL_00591,2,CD8_T_cell
CELL_00592,2,CD8_T_cell
CELL_00593,2,CD8_T_cell
CELL_00594,2,CD8_T_cell
CELL_00595,2,CD8_T_cell
CELL_00596,2,CD8_T_cell
CELL_00597,2,CD8_T_cell
CELL_00598,2,CD8_T_cell
CELL_00599,2,CD8_T_cell
CELL_00600,2,CD8_T_cell
CELL_00601,2,CD8_T_cell
CELL_00602,2,CD8_T_cell
CELL_00603,2,CD8_T_cell
CELL_00604,2,CD8_T_cell
CELL_00605,2,CD8_T_cell
CELL_00606,2,CD8_T_cell
CELL_00607,2,CD8_T_cell
CELL_00608,2,CD8_T_cell
CELL_00609,2,CD8_T_cell
CELL_00610,2,CD8_T_cell
CELL_00611,2,CD8_T_cell
CELL_00612,2,CD8_T_cell
CELL_00613,2,CD8_T_cell
CELL_00614,2,CD8_T_cell
CELL_00615,2,CD8_T_cell
CELL_00616,2,CD8_T_cell
CELL_00617,2,CD8_T_cell
CELL_00618,2,CD8_T_cell
CELL_00619,2,CD8_T_cell
CELL_00620,2,CD8_T_cell
CELL_00621,2,CD8_T_cell
CELL_00622,2,CD8_T_cell
CELL_00623,2,CD8_T_cell
CELL_00624,2,CD8_T_cell
CELL_00625,2,CD8_T_cell
CELL_00626,2,CD8_T_cell
CELL_00627,2,CD8_T_cell
CELL_00628,2,CD8_T_cell
CELL_00629,2,CD8_T_cell
CELL_00630,3,B_cell
CELL_00631,3,B_cell
CELL_00632,3,B_cell
CELL_00633,3,B_cell
CELL_00634,3,B_cell
CELL_00635,3,B_cell
CELL_00636,3,B_cell
CELL_00637,3,B_cell
CELL_00638,3,B_cell
CELL_00639,3,B_cell
CELL_00640,3,B_cell
CELL_00641,3,B_cell
CELL_00642,3,B_cell
CELL_00643,3,B_cell
CELL_00644,3,B_cell
CELL_00645,3,B_cell
CELL_00646,3,B_cell
CELL_00647,3,B_cell
CELL_00648,3,B_cell
CELL_00649,3,B_cell
CELL_00650,3,B_cell
CELL_00651,3,B_cell
CELL_00652,3,B_cell
CELL_00653,3,B_cell
CELL_00654,3,B_cell
CELL_00655,3,B_cell
CELL_00656,3,B_cell
CELL_00657,3,B_cell
CELL_00658,3,B_cell
CELL_00659,3,B_cell
CELL_00660,3,B_cell
CELL_00661,3,B_cell
CELL_00662,3,B_cell
CELL_00663,3,B_cell
CELL_00664,3,B_cell
CELL_00665,3,B_cell
CELL_00666,3,B_cell
CELL_00667,3,B_cell
CELL_00668,3,B_cell
CELL_00669,3,B_cell
CELL_00670,3,B_cell
CELL_00671,3,B_cell
CELL_00672,3,B_cell
CELL_00673,3,B_cell
CELL_00674,3,B_cell
CELL_00675,3,B_cell
CELL_00676,3,B_cell
CELL_00677,3,B_cell
CELL_00678,3,B_cell
CELL_00679,3,B_cell
CELL_00680,3,B_cell
CELL_00681,3,B_cell
CELL_00682,3,B_cell
CELL_00683,3,B_cell
CELL_00684,3,B_cell
CELL_00685,3,B_cell
CELL_00686,3,B_cell
CELL_00687,3,B_cell
CELL_00688,3,B_cell
CELL_00689,3,B_cell
CELL_00690,3,B_cell
CELL_00691,3,B_cell
CELL_00692,3,B_cell
CELL_00693,3,B_cell
CELL_00694,3,B_cell
CELL_00695,3,B_cell
CELL_00696,3,B_cell
CELL_00697,3,B_cell
CELL_00698,3,B_cell
CELL_00699,3,B_cell
CELL_00700,3,B_cell
CELL_00701,3,B_cell
CELL_00702,3,B_cell
CELL_00703,3,B_cell
CELL_00704,3,B_cell
CELL_00705,3,B_cell
CELL_00706,3,B_cell
CELL_00707,3,B_cell
CELL_00708,3,B_cell
CELL_00709,3,B_cell
CELL_00710,3,B_cell
CELL_00711,3,B_cell
CELL_00712,3,B_cell
CELL_00713,3,B_cell
CELL_00714,3,B_cell
CELL_00715,3,B_cell
CELL_00716,3,B_cell
CELL_00717,3,B_cell
CELL_00718,3,B_cell
CELL_00719,3,B_cell
CELL_00720,3,B_cell
CELL_00721,3,B_cell
CELL_00722,3,B_cell
CELL_00723,3,B_cell
CELL_00724,3,B_cell
CELL_00725,3,B_cell
CELL_00726,3,B_cell
CELL_00727,3,B_cell
CELL_00728,3,B_cell
CELL_00729,3,B_cell
CELL_00730,3,B_cell
CELL_00731,3,B_cell
CELL_00732,3,B_cell
CELL_00733,3,B_cell
CELL_00734,3,B_cell
CELL_00735,3,B_cell
CELL_00736,3,B_cell
CELL_00737,3,B_cell
CELL_00738,3,B_cell
CELL_00739,3,B_cell
CELL_00740,3,B_cell
CELL_00741,3,B_cell
CELL_00742,3,B_cell
CELL_00743,3,B_cell
CELL_00744,3,B_cell
CELL_00745,3,B_cell
CELL_00746,3,B_cell
CELL_00747,3,B_cell
CELL_00748,3,B_cell
CELL_00749,3,B_cell
CELL_00750,3,B_cell
CELL_00751,3,B_cell
CELL_00752,3,B_cell
CELL_00753,3,B_cell
CELL_00754,3,B_cell
CELL_00755,3,B_cell
CELL_00756,3,B_cell
CELL_00757,3,B_cell
CELL_00758,3,B_cell
CELL_00759,3,B_cell
CELL_00760,3,B_cell
CELL_00761,3,B_cell
CELL_00762,3,B_cell
CELL_00763,3,B_cell
CELL_00764,3,B_cell
CELL_00765,3,B_cell
CELL_00766,3,B_cell
CELL_00767,3,B_cell
CELL_00768,3,B_cell
CELL_00769,3,B_cell
CELL_00770,3,B_cell
CELL_00771,3,B_cell
CELL_00772,3,B_cell
CELL_00773,3,B_cell
CELL_00774,3,B_cell
CELL_00775,3,B_cell
CELL_00776,3,B_cell
CELL_00777,3,B_cell
CELL_00778,3,B_cell
CELL_00779,3,B_cell
CELL_00780,3,B_cell
CELL_00781,3,B_cell
CELL_00782,3,B_cell
CELL_00783,3,B_cell
CELL_00784,3,B_cell
CELL_00785,3,B_cell
CELL_00786,3,B_cell
CELL_00787,3,B_cell
CELL_00788,3,B_cell
CELL_00789,3,B_cell
CELL_00790,3,B_cell
CELL_00791,3,B_cell
CELL_00792,3,B_cell
CELL_00793,3,B_cell
CELL_00794,3,B_cell
CELL_00795,3,B_cell
CELL_00796,3,B_cell
CELL_00797,3,B_cell
CELL_00798,3,B_cell
CELL_00799,3,B_cell
CELL_00800,3,B_cell
CELL_00801,3,B_cell
CELL_00802,3,B_cell
CELL_00803,3,B_cell
CELL_00804,3,B_cell
CELL_00805,3,B_cell
CELL_00806,3,B_cell
CELL_00807,3,B_cell
CELL_00808,3,B_cell
CELL_00809,3,B_cell
CELL_00810,3,B_cell
CELL_00811,3,B_cell
CELL_00812,3,B_cell
CELL_00813,3,B_cell
CELL_00814,3,B_cell
CELL_00815,3,B_cell
CELL_00816,3,B_cell
CELL_00817,3,B_cell
CELL_00818,3,B_cell
CELL_00819,3,B_cell
CELL_00820,3,B_cell
CELL_00821,3,B_cell
CELL_00822,3,B_cell
CELL_00823,3,B_cell
CELL_00824,3,B_cell
CELL_00825,3,B_cell
CELL_00826,3,B_cell
CELL_00827,3,B_cell
CELL_00828,3,B_cell
CELL_00829,3,B_cell
CELL_00830,3,B_cell
CELL_00831,3,B_cell
CELL_00832,3,B_cell
CELL_00833,3,B_cell
CELL_00834,3,B_cell
CELL_00835,3,B_cell
CELL_00836,3,B_cell
CELL_00837,3,B_cell
CELL_00838,3,B_cell
CELL_00839,3,B_cell
CELL_00840,3,B_cell
CELL_00841,3,B_cell
CELL_00842,3,B_cell
CELL_00843,3,B_cell
CELL_00844,3,B_cell
CELL_00845,3,B_cell
CELL_00846,3,B_cell
CELL_00847,3,B_cell
CELL_00848,3,B_cell
CELL_00849,3,B_cell
CELL_00850,1,Monocyte
CELL_00851,1,Monocyte
CELL_00852,1,Monocyte
CELL_00853,1,Monocyte
CELL_00854,1,Monocyte
CELL_00855,1,Monocyte
CELL_00856,1,Monocyte
CELL_00857,1,Monocyte
CELL_00858,1,Monocyte
CELL_00859,1,Monocyte
CELL_00860,1,Monocyte
CELL_00861,1,Monocyte
CELL_00862,1,Monocyte
CELL_00863,1,Monocyte
CELL_00864,1,Monocyte
CELL_00865,1,Monocyte
CELL_00866,1,Monocyte
CELL_00867,1,Monocyte
CELL_00868,1,Monocyte
CELL_00869,1,Monocyte
CELL_00870,1,Monocyte
CELL_00871,1,Monocyte
CELL_00872,1,Monocyte
CELL_00873,1,Monocyte
CELL_00874,1,Monocyte
CELL_00875,1,Monocyte
CELL_00876,1,Monocyte
CELL_00877,1,Monocyte
CELL_00878,1,Monocyte
CELL_00879,1,Monocyte
CELL_00880,1,Monocyte
CELL_00881,1,Monocyte
CELL_00882,1,Monocyte
CELL_00883,1,Monocyte
CELL_00884,1,Monocyte
CELL_00885,1,Monocyte
CELL_00886,1,Monocyte
CELL_00887,1,Monocyte
CELL_00888,1,Monocyte
CELL_00889,1,Monocyte
CELL_00890,1,Monocyte
CELL_00891,1,Monocyte
CELL_00892,1,Monocyte
CELL_00893,1,Monocyte
CELL_00894,1,Monocyte
CELL_00895,1,Monocyte
CELL_00896,1,Monocyte
CELL_00897,1,Monocyte
CELL_00898,1,Monocyte
CELL_00899,1,Monocyte
CELL_00900,1,Monocyte
CELL_00901,1,Monocyte
CELL_00902,1,Monocyte
CELL_00903,1,Monocyte
CELL_00904,1,Monocyte
CELL_00905,1,Monocyte
CELL_00906,1,Monocyte
CELL_00907,1,Monocyte
CELL_00908,1,Monocyte
CELL_00909,1,Monocyte
CELL_00910,1,Monocyte
CELL_00911,1,Monocyte
CELL_00912,1,Monocyte
CELL_00913,1,Monocyte
CELL_00914,1,Monocyte
CELL_00915,1,Monocyte
CELL_00916,1,Monocyte
CELL_00917,1,Monocyte
CELL_00918,1,Monocyte
CELL_00919,1,Monocyte
CELL_00920,1,Monocyte
CELL_00921,1,Monocyte
CELL_00922,1,Monocyte
CELL_00923,1,Monocyte
CELL_00924,1,Monocyte
CELL_00925,1,Monocyte
CELL_00926,1,Monocyte
CELL_00927,1,Monocyte
CELL_00928,1,Monocyte
CELL_00929,1,Monocyte
CELL_00930,1,Monocyte
CELL_00931,1,Monocyte
CELL_00932,1,Monocyte
CELL_00933,1,Monocyte
CELL_00934,1,Monocyte
CELL_00935,1,Monocyte
CELL_00936,1,Monocyte
CELL_00937,1,Monocyte
CELL_00938,1,Monocyte
CELL_00939,1,Monocyte
CELL_00940,1,Monocyte
CELL_00941,1,Monocyte
CELL_00942,1,Monocyte
CELL_00943,1,Monocyte
CELL_00944,1,Monocyte
CELL_00945,1,Monocyte
CELL_00946,1,Monocyte
CELL_00947,1,Monocyte
CELL_00948,1,Monocyte
CELL_00949,1,Monocyte
CELL_00950,1,Monocyte
CELL_00951,1,Monocyte
CELL_00952,1,Monocyte
CELL_00953,1,Monocyte
CELL_00954,1,Monocyte
CELL_00955,1,Monocyte
CELL_00956,1,Monocyte
CELL_00957,1,Monocyte
CELL_00958,1,Monocyte
CELL_00959,1,Monocyte
CELL_00960,1,Monocyte
CELL_00961,1,Monocyte
CELL_00962,1,Monocyte
CELL_00963,1,Monocyte
CELL_00964,1,Monocyte
CELL_00965,1,Monocyte
CELL_00966,1,Monocyte
CELL_00967,1,Monocyte
CELL_00968,1,Monocyte
CELL_00969,1,Monocyte
CELL_00970,1,Monocyte
CELL_00971,1,Monocyte
CELL_00972,1,Monocyte
CELL_00973,1,Monocyte
CELL_00974,1,Monocyte
CELL_00975,1,Monocyte
CELL_00976,1,Monocyte
CELL_00977,1,Monocyte
CELL_00978,1,Monocyte
CELL_00979,1,Monocyte
CELL_00980,1,Monocyte
CELL_00981,1,Monocyte
CELL_00982,1,Monocyte
CELL_00983,1,Monocyte
CELL_00984,1,Monocyte
CELL_00985,1,Monocyte
CELL_00986,1,Monocyte
CELL_00987,1,Monocyte
CELL_00988,1,Monocyte
CELL_00989,1,Monocyte
CELL_00990,1,Monocyte
CELL_00991,1,Monocyte
CELL_00992,1,Monocyte
CELL_00993,1,Monocyte
CELL_00994,1,Monocyte
CELL_00995,1,Monocyte
CELL_00996,1,Monocyte
CELL_00997,1,Monocyte
CELL_00998,1,Monocyte
CELL_00999,1,Monocyte
CELL_01000,1,Monocyte
CELL_01001,1,Monocyte
CELL_01002,1,Monocyte
CELL_01003,1,Monocyte
CELL_01004,1,Monocyte
CELL_01005,1,Monocyte
CELL_01006,1,Monocyte
CELL_01007,1,Monocyte
CELL_01008,1,Monocyte
CELL_01009,1,Monocyte
CELL_01010,1,Monocyte
CELL_01011,1,Monocyte
CELL_01012,1,Monocyte
CELL_01013,1,Monocyte
CELL_01014,1,Monocyte
CELL_01015,1,Monocyte
CELL_01016,1,Monocyte
CELL_01017,1,Monocyte
CELL_01018,1,Monocyte
CELL_01019,1,Monocyte
CELL_01020,1,Monocyte
CELL_01021,1,Monocyte
CELL_01022,1,Monocyte
CELL_01023,1,Monocyte
CELL_01024,1,Monocyte
CELL_01025,1,Monocyte
CELL_01026,1,Monocyte
CELL_01027,1,Monocyte
CELL_01028,1,Monocyte
CELL_01029,1,Monocyte
CELL_01030,1,Monocyte
CELL_01031,1,Monocyte
CELL_01032,1,Monocyte
CELL_01033,1,Monocyte
CELL_01034,1,Monocyte
CELL_01035,1,Monocyte
CELL_01036,1,Monocyte
CELL_01037,1,Monocyte
CELL_01038,1,Monocyte
CELL_01039,1,Monocyte
CELL_01040,1,Monocyte
CELL_01041,1,Monocyte
CELL_01042,1,Monocyte
CELL_01043,1,Monocyte
CELL_01044,1,Monocyte
CELL_01045,1,Monocyte
CELL_01046,1,Monocyte
CELL_01047,1,Monocyte
CELL_01048,1,Monocyte
CELL_01049,1,Monocyte
CELL_01050,1,Monocyte
CELL_01051,1,Monocyte
CELL_01052,1,Monocyte
CELL_01053,1,Monocyte
CELL_01054,1,Monocyte
CELL_01055,1,Monocyte
CELL_01056,1,Monocyte
CELL_01057,1,Monocyte
CELL_01058,1,Monocyte
CELL_01059,1,Monocyte
CELL_01060,1,Monocyte
CELL_01061,1,Monocyte
CELL_01062,1,Monocyte
CELL_01063,1,Monocyte
CELL_01064,1,Monocyte
CELL_01065,1,Monocyte
CELL_01066,1,Monocyte
CELL_01067,1,Monocyte
CELL_01068,1,Monocyte
CELL_01069,1,Monocyte
CELL_01070,1,Monocyte
CELL_01071,1,Monocyte
CELL_01072,1,Monocyte
CELL_01073,1,Monocyte
CELL_01074,1,Monocyte
CELL_01075,1,Monocyte
CELL_01076,1,Monocyte
CELL_01077,1,Monocyte
CELL_01078,1,Monocyte
CELL_01079,1,Monocyte
CELL_01080,1,Monocyte
CELL_01081,1,Monocyte
CELL_01082,1,Monocyte
CELL_01083,1,Monocyte
CELL_01084,1,Monocyte
CELL_01085,1,Monocyte
CELL_01086,1,Monocyte
CELL_01087,1,Monocyte
CELL_01088,1,Monocyte
CELL_01089,1,Monocyte
CELL_01090,1,Monocyte
CELL_01091,1,Monocyte
CELL_01092,1,Monocyte
CELL_01093,1,Monocyte
CELL_01094,1,Monocyte
CELL_01095,1,Monocyte
CELL_01096,1,Monocyte
CELL_01097,1,Monocyte
CELL_01098,1,Monocyte
CELL_01099,1,Monocyte
CELL_01100,1,Monocyte
CELL_01101,1,Monocyte
CELL_01102,1,Monocyte
CELL_01103,1,Monocyte
CELL_01104,1,Monocyte
CELL_01105,1,Monocyte
CELL_01106,1,Monocyte
CELL_01107,1,Monocyte
CELL_01108,1,Monocyte
CELL_01109,1,Monocyte
CELL_01110,1,Monocyte
CELL_01111,1,Monocyte
CELL_01112,1,Monocyte
CELL_01113,1,Monocyte
CELL_01114,1,Monocyte
CELL_01115,1,Monocyte
CELL_01116,1,Monocyte
CELL_01117,1,Monocyte
CELL_01118,1,Monocyte
CELL_01119,1,Monocyte
CELL_01120,1,Monocyte
CELL_01121,1,Monocyte
CELL_01122,1,Monocyte
CELL_01123,1,Monocyte
CELL_01124,1,Monocyte
CELL_01125,1,Monocyte
CELL_01126,1,Monocyte
CELL_01127,1,Monocyte
CELL_01128,1,Monocyte
CELL_01129,1,Monocyte
CELL_01130,1,Monocyte
CELL_01131,1,Monocyte
CELL_01132,1,Monocyte
CELL_01133,1,Monocyte
CELL_01134,1,Monocyte
CELL_01135,1,Monocyte
CELL_01136,1,Monocyte
CELL_01137,1,Monocyte
CELL_01138,1,Monocyte
CELL_01139,1,Monocyte
CELL_01140,1,Monocyte
CELL_01141,1,Monocyte
CELL_01142,1,Monocyte
CELL_01143,1,Monocyte
CELL_01144,1,Monocyte
CELL_01145,1,Monocyte
CELL_01146,1,Monocyte
CELL_01147,1,Monocyte
CELL_01148,1,Monocyte
CELL_01149,1,Monocyte
CELL_01150,4,NK_cell
CELL_01151,4,NK_cell
CELL_01152,4,NK_cell
CELL_01153,4,NK_cell
CELL_01154,4,NK_cell
CELL_01155,4,NK_cell
CELL_01156,4,NK_cell
CELL_01157,4,NK_cell
CELL_01158,4,NK_cell
CELL_01159,4,NK_cell
CELL_01160,4,NK_cell
CELL_01161,4,NK_cell
CELL_01162,4,NK_cell
CELL_01163,4,NK_cell
CELL_01164,4,NK_cell
CELL_01165,4,NK_cell
CELL_01166,4,NK_cell
CELL_01167,4,NK_cell
CELL_01168,4,NK_cell
CELL_01169,4,NK_cell
CELL_01170,4,NK_cell
CELL_01171,4,NK_cell
CELL_01172,4,NK_cell
CELL_01173,4,NK_cell
CELL_01174,4,NK_cell
CELL_01175,4,NK_cell
CELL_01176,4,NK_cell
CELL_01177,4,NK_cell
CELL_01178,4,NK_cell
CELL_01179,4,NK_cell
CELL_01180,4,NK_cell
CELL_01181,4,NK_cell
CELL_01182,4,NK_cell
CELL_01183,4,NK_cell
CELL_01184,4,NK_cell
CELL_01185,4,NK_cell
CELL_01186,4,NK_cell
CELL_01187,4,NK_cell
CELL_01188,4,NK_cell
CELL_01189,4,NK_cell
CELL_01190,4,NK_cell
CELL_01191,4,NK_cell
CELL_01192,4,NK_cell
CELL_01193,4,NK_cell
CELL_01194,4,NK_cell
CELL_01195,4,NK_cell
CELL_01196,4,NK_cell
CELL_01197,4,NK_cell
CELL_01198,4,NK_cell
CELL_01199,4,NK_cell
CELL_01200,4,NK_cell
CELL_01201,4,NK_cell
CELL_01202,4,NK_cell
CELL_01203,4,NK_cell
CELL_01204,4,NK_cell
CELL_01205,4,NK_cell
CELL_01206,4,NK_cell
CELL_01207,4,NK_cell
CELL_01208,4,NK_cell
CELL_01209,4,NK_cell
CELL_01210,4,NK_cell
CELL_01211,4,NK_cell
CELL_01212,4,NK_cell
CELL_01213,4,NK_cell
CELL_01214,4,NK_cell
CELL_01215,4,NK_cell
CELL_01216,4,NK_cell
CELL_01217,4,NK_cell
CELL_01218,4,NK_cell
CELL_01219,4,NK_cell
CELL_01220,4,NK_cell
CELL_01221,4,NK_cell
CELL_01222,4,NK_cell
CELL_01223,4,NK_cell
CELL_01224,4,NK_cell
CELL_01225,4,NK_cell
CELL_01226,4,NK_cell
CELL_01227,4,NK_cell
CELL_01228,4,NK_cell
CELL_01229,4,NK_cell
CELL_01230,4,NK_cell
CELL_01231,4,NK_cell
CELL_01232,4,NK_cell
CELL_01233,4,NK_cell
CELL_01234,4,NK_cell
CELL_01235,4,NK_cell
CELL_01236,4,NK_cell
CELL_01237,4,NK_cell
CELL_01238,4,NK_cell
CELL_01239,4,NK_cell
CELL_01240,4,NK_cell
CELL_01241,4,NK_cell
CELL_01242,4,NK_cell
CELL_01243,4,NK_cell
CELL_01244,4,NK_cell
CELL_01245,4,NK_cell
CELL_01246,4,NK_cell
CELL_01247,4,NK_cell
CELL_01248,4,NK_cell
CELL_01249,4,NK_cell
CELL_01250,4,NK_cell
CELL_01251,4,NK_cell
CELL_01252,4,NK_cell
CELL_01253,4,NK_cell
CELL_01254,4,NK_cell
CELL_01255,4,NK_cell
CELL_01256,4,NK_cell
CELL_01257,4,NK_cell
CELL_01258,4,NK_cell
CELL_01259,4,NK_cell
CELL_01260,4,NK_cell
CELL_01261,4,NK_cell
CELL_01262,4,NK_cell
CELL_01263,4,NK_cell
CELL_01264,4,NK_cell
CELL_01265,4,NK_cell
CELL_01266,4,NK_cell
CELL_01267,4,NK_cell
CELL_01268,4,NK_cell
CELL_01269,4,NK_cell
CELL_01270,4,NK_cell
CELL_01271,4,NK_cell
CELL_01272,4,NK_cell
CELL_01273,4,NK_cell
CELL_01274,4,NK_cell
CELL_01275,4,NK_cell
CELL_01276,4,NK_cell
CELL_01277,4,NK_cell
CELL_01278,4,NK_cell
CELL_01279,4,NK_cell
CELL_01280,4,NK_cell
CELL_01281,4,NK_cell
CELL_01282,4,NK_cell
CELL_01283,4,NK_cell
CELL_01284,4,NK_cell
CELL_01285,4,NK_cell
CELL_01286,4,NK_cell
CELL_01287,4,NK_cell
CELL_01288,4,NK_cell
CELL_01289,4,NK_cell
CELL_01290,4,NK_cell
CELL_01291,4,NK_cell
CELL_01292,4,NK_cell
CELL_01293,4,NK_cell
CELL_01294,4,NK_cell
CELL_01295,4,NK_cell
CELL_01296,4,NK_cell
CELL_01297,4,NK_cell
CELL_01298,4,NK_cell
CELL_01299,4,NK_cell
